{
  "reference": "test_robot_",
  "firstName": "first_name",
  "lastName": "last_name",
  "timezone": "US/Pacific",
  "login": "email",
  "accountType":2,
  "components": [
    {
      "type": "1",
      "base": "ADJUSTABLE",
      "bedsize": "KING",
      "chamber": "2",
      "code": "AZI10",
      "kidsbed": "false",
      "purchaseDate": "2017-4-20",
      "reference": "-1-AID",
      "parentBedComponent": "-1-AID-P",
      "serial": "",
      "sku": "AZI10",
      "version": "",
      "zipcode": "94085",
      "generation": "360"
    },
    {
      "type": "2",
      "base": "",
      "bedsize": "",
      "chamber": "",
      "code": "AZI10",
      "kidsbed": "",
      "purchaseDate": "2017-4-20",
      "reference": "-2-AID",
      "parentBedComponent": "-1-AID-P",
      "serial": "",
      "sku": "AZI10",
      "version": "",
      "zipcode": "94085",
      "generation": "360"
    },
    {
      "type": "4",
      "base": "",
      "bedsize": "",
      "chamber": "",
      "code": "AZI10",
      "kidsbed": "",
      "purchaseDate": "2017-4-20",
      "reference": "-4-AID",
      "parentBedComponent": "-1-AID-P",
      "serial": "",
      "sku": "AZI10",
      "version": "",
      "zipcode": "94085",
      "generation": "360"
    },
    {
      "type": "5",
      "base": "",
      "bedsize": "",
      "chamber": "",
      "code": "AZI10",
      "kidsbed": "",
      "purchaseDate": "2017-4-20",
      "reference": "-5-AID",
      "parentBedComponent": "-1-AID-P",
      "serial": "",
      "sku": "AZI10",
      "version": "",
      "zipcode": "94085",
      "generation": "360"
    },
    {
      "type": "6",
      "base": "",
      "bedsize": "",
      "chamber": "",
      "code": "AZI10",
      "kidsbed": "",
      "purchaseDate": "2017-4-20",
      "reference": "-6-AID",
      "parentBedComponent": "-1-AID-P",
      "serial": "",
      "sku": "AZI10",
      "version": "",
      "zipcode": "94085",
      "generation": "360"
    }
  ],
  "address": {
    "street1": "141 Del Medio ave",
    "street2": "Van Winkle Ave",
    "city": "Sunnyvale",
    "state": "CA",
    "zipcode": "94085",
    "country": "USA",
    "phoneNumber": "9898077000"
  }
}
